<?xml version="1.0" encoding="UTF-8" standalone="yes"?>
<addon id="virtual.opi-tools"
       name="Orange Pi Tools"
       version="10.0.0.003"
       provider-name="Team LibreELEC">
  <requires>
    <import addon="xbmc.python" version="3.0.0"/>

  </requires>
  <extension point="xbmc.python.script" library="default.py" />
  <extension point="xbmc.python.module" library="lib/">
  </extension>
  <extension point="xbmc.addon.metadata">
    <summary>A bundle of tools and programs for use on the Orange Pi</summary>
    <description>
This bundle currently includes OrangePi.GPIO
    </description>
    <disclaimer>

    </disclaimer>
    <platform>all</platform>
    <news>
003 
- fixed: use of pins belonging to PL bank
- fixed: GPIO.input(channel) returns incorrect values when GPIO.add_event_detect(channel) is used

002
- fixed: calling of callbacks when mode == GPIO.BOARD

001
- Initial Release

    </news>
    <assets>
      <icon>resources/icon.png</icon>
      <fanart>resources/fanart.png</fanart>

    </assets>
  </extension>
</addon>
