<?xml version="1.0" encoding="UTF-8" standalone="yes"?>
<addon id="script.module.luma"
       name="luma"
       version="10.0.0.100"
       provider-name="LuRu">
  <requires>
    <import addon="xbmc.python" version="3.0.0"/>

  </requires>
  <extension point="xbmc.python.module" library="lib/">
  </extension>
  <extension point="xbmc.addon.metadata">
    <summary>A library to drive an OLED device with either SSD1306, SSD1309, SSD1322, SSD1325, SSD1327, SSD1331, SSD1351, SSD1362, SH1106 or WS0010 chipset.</summary>
    <description>
A library to drive an OLED device with either SSD1306, SSD1309, SSD1322, SSD1325, SSD1327, SSD1331, SSD1351, SSD1362, SH1106 or WS0010 chipset.
    </description>
    <disclaimer>

    </disclaimer>
    <platform>all</platform>
    <news>

100
- Initial release
    </news>
    <assets>
      <icon>resources/icon.png</icon>
      <fanart>resources/fanart.png</fanart>

    </assets>
  </extension>
</addon>
