<?xml version="1.0" encoding="UTF-8" standalone="yes"?>
<addon id="service.lcd.backlight" name="Service LCDproc Backlight" version="0.0.1" provider-name="listener">
<requires>
    <import addon="xbmc.python" version="3.0.0"/>
    <import addon="virtual.opi-tools" version="9.80.7.001"/>
</requires>
    <extension library="service.py" point="xbmc.service">
    </extension>
    <extension point="xbmc.addon.metadata">
        <summary lang="en_GB">LCD backlight intensity control</summary>
        <summary lang="cs_CZ">Řízení intenzity podsvětlení LCD displeje</summary>
        <description lang="en_GB">
This add-on allows you to easily adjust the backlight intensity of the LCD display. It works on the principle of PWM. You can set the GPIO output pin, the control logic (inverse or normal) and, of course, the actual backlight intensity.
        </description>
        <description lang="cs_CZ">
Tento doplněk umožňuje snadno nastavit intenzitu podsvícení LCD displeje. Pracuje na principu PWM. Nastavit lze výstupní pin GPIO, logiku řízení (inverzní nebo normální) a samozřejmě vlastní intenzitu podsvícení. Je určen pro desky Orange Pi a závisí na doplňku Orange Pi Tools.
        </description>
        <platform>linux</platform>
        <license>MIT License</license>
        <language>cs_CZ</language>
        <assets>
            <icon>resources/art/icon.png</icon>
            <fanart>resources/art/fanart.png</fanart>
        </assets>
        <news>0.0.1 (2021-07-25)
            - Initial release
        </news>
    </extension>
</addon>
