<?xml version="1.0" encoding="UTF-8" standalone="yes"?>
<addon id="script.module.cbor2"
       name="cbor2"
       version="10.0.0.100"
       provider-name="LuRu">
  <requires>
    <import addon="xbmc.python" version="3.0.0"/>

  </requires>
  <extension point="xbmc.python.module" library="lib/">
  </extension>
  <extension point="xbmc.addon.metadata">
    <summary>Pure Python CBOR (de)serializer with extensive tag support.</summary>
    <description>
module.cbor2 (autogenerated)
    </description>
    <disclaimer>

    </disclaimer>
    <platform>all</platform>
    <news>

100
- Initial release
    </news>
    <assets>
      <icon>resources/icon.png</icon>
      <fanart>resources/fanart.png</fanart>

    </assets>
  </extension>
</addon>
