<?xml version="1.0" encoding="UTF-8" standalone="yes"?>
<addon id="script.module.evdev"
       name="python-evdev"
       version="10.0.0.001"
       provider-name="Team LibreELEC">
  <requires>
    <import addon="xbmc.python" version="3.0.0"/>

  </requires>
  <extension point="xbmc.python.script" library="default.py" />
  <extension point="xbmc.python.module" library="lib/">
  </extension>
  <extension point="xbmc.addon.metadata">
    <summary>Allows to read and write input events.</summary>
    <description>
module.evdev (autogenerated)
    </description>
    <disclaimer>

    </disclaimer>
    <platform>all</platform>
    <news>

100
- Initial release
    </news>
    <assets>
      <icon>resources/icon.png</icon>
      <fanart>resources/fanart.png</fanart>

    </assets>
  </extension>
</addon>
