<?xml version="1.0" encoding="UTF-8" standalone="yes"?>
<addon id="service.fan.orangepi" name="Orange Pi Cooling Fan" version="0.0.2" provider-name="listener">
<requires>
    <import addon="xbmc.python" version="3.0.0"/>
    <import addon="virtual.opi-tools" version="9.80.7.001"/>
</requires>
    <extension library="service.py" point="xbmc.service">
    </extension>
    <extension point="xbmc.addon.metadata">
        <summary lang="en_GB">Fan control based on CPU temperature</summary>
        <summary lang="cs_CZ">Ovládání ventilátoru na základě teploty CPU</summary>
        <description lang="en_GB">
Two limits are set separately. Upper (temperature above which the fan must be switched on)
and lower (if the temperature drops below it, the fan may turn off).
Optionally, it is also possible to turn on Kodi CPU usage monitoring (Kodi process).
If this option is selected, two limits are set again.
To turn on the fan, it is sufficient to exceed any (even the only) of the upper limits.
To turn off the fan, both variables (temperature and CPU usage) must fall below their lower limits.
        </description>
        <description lang="cs_CZ">
Samostatně se nastavují dva limity. Horní (teplota, při jejímž překročení se ventilátor musí zapnout)
a dolní (klesne-li teplota pod něj, ventilátor se může vypnout).
Volitelně je také možné zapnout sledování využití CPU (procesem Kodi).
Pokud je tato možnost zvolena, nastavují se opět dva limity.
Pro zapnutí ventilátoru je dostačující podmínkou překročení kteréhokoliv (i jediného) horního limitu.
Pro vypnutí ventilátoru musí obě veličiny (teplota i využití CPU) klesnout pod svůj spodní limit.
        </description>
        <platform>linux</platform>
        <license>MIT License</license>
        <language>cs_CZ</language>
        <assets>
            <icon>resources/art/fan-icon.png</icon>
            <fanart>resources/art/fan-fanart.jpg</fanart>
            <screenshot>resources/art/schematic.png</screenshot>
            <screenshot>resources/art/OrangePiCase.png</screenshot>
            <screenshot>resources/art/OrangePiCase2.png</screenshot>
        </assets>
        <news>0.0.2 (2021-07-29)
- Code cleaning
0.0.1 (2020-11-22)
- Initial release
        </news>
    </extension>
</addon>
