<?xml version="1.0" encoding="UTF-8" standalone="yes"?>
<addon id="service.oled"
       name="OLEDproc"
       version="10.0.0.100"
       provider-name="LuRu">
  <requires>
    <import addon="xbmc.python" version="3.0.0"/>
    <import addon="script.module.luma" />
    <import addon="script.module.cbor2" />
    <import addon="script.module.smbus2" />
  </requires>
  <extension point="xbmc.service" library="service.py">
    <provides></provides>
  </extension>
  <extension point="xbmc.addon.metadata">
    <summary>LCDproc: Software to display system information from Kodi on a graphic OLED display</summary>
    <description lang="en_GB">
The add-on displays real-time information about Kodi activity on graphic OLED displays. For these displays, it is a replacement for the LCDproc add-on. The add-on is dependent on the add-ons script.module.luma, script.module.cbor2 and script.module.smbus2. It also cannot work without the XBMC LCDproc add-on because both add-ons work together as client and server, where OLEDproc is the server and XBMC LCDproc is the client. Compared to the LCDproc add-on, the OLEDproc add-on has some minor limitations. For example:
- the "Scroll mode" setting of the XBMC LCDproc add-on is ignored (scrolling works only one way)
- the "Show heartbeat symbol" setting of the XBMC LCDproc add-on is ignored (display of symbol is permanently disabled)
- some "advanced configurables" settings in the LCD.xml file (XBMC LCDproc add-on configuration file) are ignored and using non-default values can cause problems
- a proportional font is used for most texts. As such, it makes no sense to use the $INFO[LCD.AlignCenter] and $INFO[LCD.AlignRight] parameters in the LCD.xml file (the XBMC LCDproc add-on does not have the ability to calculate the position of the text correctly)
On the other hand, it has several advantages over the LCDproc add-on:
- fully supports native Kodi encoding (UTF-8), so it displays all accented characters
- the progress bar and the display of time data in large characters (BigDigits) is without disturbing gaps, so it looks much more natural
- a proportional font is used to display texts, which is generally more readable and looks better than a non-proportional font
In the current version, only I2C displays are supported (displays with sh1106, ssd1306, ssd1309, ssd1327 or sh1107 chip).
Currently, only the function of displays with chips sh1106 and sh1107 is really verified.
    </description>
    <description lang="cs_CZ">
Doplněk zobrazuje  v reálném čase na grafických OLED displejích informace o činnosti Kodi. Pro tyto displeje je náhradou doplňku LCDproc. Doplněk je závislý na doplňcích script.module.luma, script.module.cbor2 a script.module.smbus2. Nemůže fungovat také bez doplňku XBMC LCDproc, protože oba doplňky spolupracují jako klient a server, kde OLEDproc je server a XBMC LCDproc je klient. Oproti doplňku LCDproc má doplněk OLEDproc některá drobná omezení. Například:
- je ignorováno nastavení "Scroll mode" doplňku XBMC LCDproc (skrolování funguje jen jedním způsobem)
- je ignorováno nastavení "Show heartbeat symbol" doplňku XBMC LCDproc (zobrazování symbolu je napevno vypnuto)
- některá nastavení "advanced configurables" v souboru LCD.xml (konfigurační soubor doplňku XBMC LCDproc) jsou ignorována a použití nevýchozích hodnot může způsobovat problémy
- pro většinu textů se používá proporcionální font. Vzhledem k tomu nemá smysl používat parametry $INFO[LCD.AlignCenter] a $INFO[LCD.AlignRight] v souboru LCD.xml (doplněk XBMC LCDproc nemá požnost správně spočítat pozici textu)
Na druhou stranu má oproti doplňku LCDproc i několik předností:
- plně podporuje nativní kódování Kodi (UTF-8), takže zobrazuje všechny znaky s diakritikou
- ukazatel průběhu a zobrazování časových údajů velkými znaky je bez rušivých mezer, takže vypadá mnohem přirozeněji
- na zobrazování textů je používán proporcionální písmo, které je obecně čitelnější a lépe vypadá, než písmo neproporciální
V současné verzi jsou podporovány jen displeje s rozhraním I2C (displeje s čipem sh1106, ssd1306, ssd1309, ssd1327 nebo sh1107).
Reálně ověřená je aktuálně pouze funkce displejů s čipy sh1106 a sh1107.
    </description>
    <disclaimer>
    </disclaimer>
    <platform>linux</platform>
    <news>
100
- Initial addon
    </news>
    <assets>
      <icon>resources/icon.png</icon>
      <fanart>resources/fanart.png</fanart>

    </assets>
  </extension>
</addon>
