<?xml version="1.0" encoding="UTF-8" standalone="yes"?>
<addon id="script.module.smbus2"
       name="smbus2"
       version="10.0.0.100"
       provider-name="LuRu">
  <requires>
    <import addon="xbmc.python" version="3.0.0"/>

  </requires>
  <extension point="xbmc.python.module" library="lib/">
  </extension>
  <extension point="xbmc.addon.metadata">
    <summary>A drop-in replacement for smbus-cffi/smbus-python in pure Python.</summary>
    <description>
module.smbus2 (autogenerated)
    </description>
    <disclaimer>

    </disclaimer>
    <platform>all</platform>
    <news>

100
- Initial release
    </news>
    <assets>
      <icon>resources/icon.png</icon>
      <fanart>resources/fanart.png</fanart>

    </assets>
  </extension>
</addon>
