<?xml version="1.0" encoding="UTF-8" standalone="yes"?>
<addon id="service.audio.cro.live" name="ČRo Live" version="1.4.2" provider-name="listener">
    <requires>
        <import addon="xbmc.python" version="3.0.0"/>
        <import addon="script.module.beautifulsoup4" version="4.6.2" />
    </requires>
    <extension point="xbmc.python.pluginsource" library="plugin.py" provides="audio">
        <provides>audio</provides>
    </extension>
    <extension library="service.py" point="xbmc.service">
        <provides>audio</provides>
    </extension>
    <extension point="kodi.context.item">
        <menu id="kodi.core.main">
            <item library="playarch.py">
                <label>30301</label>
                <visible>
                    Window.IsActive(radioguide)|Window.IsActive(radiosearch)
                </visible>
            </item>
            <item library="downarch.py">
                <label>30302</label>
                <visible>
                    Window.IsActive(radioguide)|Window.IsActive(radiosearch)
                </visible>
            </item>
        </menu>
    </extension>
    <extension point="xbmc.addon.metadata">
        <platform>all</platform>
        <summary lang="en_GB">ČRo Live - Playlist and EPG</summary>
        <description lang="en_GB">Service for generating playlists and EPG of ČRo stations</description>
        <summary lang="cs_CZ">ČRo Live - Playlist a EPG</summary>
        <description lang="cs_CZ">Služba pro generování playlistu a EPG stanic ČRo</description>
        <license>MIT License</license>
        <language>cs_CZ</language>
        <assets>
            <icon>CRoLive-icon.png</icon>
            <fanart>CRoLive-fanart.png</fanart>
        </assets>
        <news>
1.4.2 (2022-03-16)
  - Opravena chyba - nefungovalo hledání v archivu, když linkType=='ondemand' a variant=='hls'
  - Opravena chyba - nefungovalo hledání v archivu, když uživatel měl nastavený 12-hodinový formát
1.4.1 (2021-12-22)
  - Opravena chyba - nefungovalo stahování ve Windows (znak ":" v názvu souboru)
  - Opravena chyba - odstraněna možnost konfliktů ID kanálu (ID je nyní doplněno prefixem "crolive_")
1.4.0 (2021-12-12)
  - Možnost výběru preferovaného kodeku (MP3 nebo AAC)
  - Kvalita (bitrate) se volí z možností Nejvyšší|Střední|Nejnižší
  - Pro nejvyšší kvalitu je možné povolit stream typu FLAC (je-li k dispozici)
1.3.2 (2021-12-04)
  - Opravena chyba - kromě mp3 je nyní akceptován i stream typu aac
1.3.1 (2021-06-19)
  - Opravena chyba - nefunguje přehrávání z archivu
1.3.0 (2021-06-18)
  - Playlist a EPG mohou být generovány nejen periodicky, ale i na vyžádání (např. doplňkem IPTV Merge)
1.2.3 (2021-05-21)
  - Oprava - nová stanice Radiožurnál Sport způsobuje chybu (již je v playlistu, ale není v EPG)
1.2.2 (2021-05-15)
  - Přizpůsobení změnám v API Českého rozhlasu
1.2.1 (2021-03-22)
  - Opravena chyba - zlepšeno hledání v archivu
1.2.0 (2021-02-23)
  - Přidána podpora IPTV Merge
1.1.0 (2021-01-06)
  - První repo verze
1.0.4 (2020-12-14)
  - Zlepšena úspěšnost hledání v archivu
1.0.3 (2020-11-04)
  - Změněno id doplňku podle konvence repozitáře XBMC-Kodi CZ/SK
  - Optimalizace parsování data
        </news>
    </extension>
</addon>
