<?xml version="1.0" encoding="UTF-8"?>
<addon id="repository.listener"
  version="1.0.0"
  name="Listener Kodi Addons"
  provider-name="listener">
  <extension point="xbmc.addon.repository"
    name="Repozitář doplňků">
    <dir minversion="19.0.0">
      <info compressed="false">https://raw.githubusercontent.com/Pako2/repo.listener-kodi_addons/main/matrix/addons.xml</info>
      <checksum>https://raw.githubusercontent.com/Pako2/repo.listener-kodi_addons/main/matrix/addons.xml.md5</checksum>
      <datadir zip="true">https://github.com/Pako2/repo.listener-kodi_addons/tree/main/matrix/</datadir>
    </dir>
    <dir minversion="17.0.0" maxversion="18.9.9">
      <info compressed="false">https://raw.githubusercontent.com/Pako2/repo.listener-kodi_addons/main/leia/addons.xml</info>
      <checksum>https://raw.githubusercontent.com/Pako2/repo.listener-kodi_addons/main/leia/addons.xml.md5</checksum>
      <datadir zip="true">https://github.com/Pako2/repo.listener-kodi_addons/tree/main/leia/</datadir>
    </dir>
  </extension>
  <extension point="xbmc.addon.metadata">
    <summary>Listener Kodi Addons</summary>
    <description>Listener Kodi Addons</description>
    <platform>all</platform>
    <language>cs</language>
    <assets>
        <icon>icon.png</icon>
    </assets>
  </extension>
</addon>
